{
  "framework_name": "jsinspector.framework",
  "static_framework": true,
  "resources": [

  ],
  "resource_bundles": [

  ],
  "build_settings": {
    "CLANG_ENABLE_OBJC_WEAK": "NO",
    "CODE_SIGN_IDENTITY[sdk=appletvos*]": "",
    "CODE_SIGN_IDENTITY[sdk=iphoneos*]": "",
    "CODE_SIGN_IDENTITY[sdk=watchos*]": "",
    "CURRENT_PROJECT_VERSION": "1",
    "DEFINES_MODULE": "YES",
    "DYLIB_COMPATIBILITY_VERSION": "1",
    "DYLIB_CURRENT_VERSION": "1",
    "DYLIB_INSTALL_NAME_BASE": "@rpath",
    "GCC_PREFIX_HEADER": "Target Support Files/React-jsinspector/React-jsinspector-prefix.pch",
    "INFOPLIST_FILE": "Target Support Files/React-jsinspector/React-jsinspector-Info.plist",
    "INSTALL_PATH": "$(LOCAL_LIBRARY_DIR)/Frameworks",
    "IPHONEOS_DEPLOYMENT_TARGET": "10.0",
    "LD_RUNPATH_SEARCH_PATHS": "$(inherited) @executable_path/Frameworks @loader_path/Frameworks",
    "MACH_O_TYPE": "staticlib",
    "MODULEMAP_FILE": "Target Support Files/React-jsinspector/React-jsinspector.modulemap",
    "PRODUCT_MODULE_NAME": "jsinspector",
    "PRODUCT_NAME": "jsinspector",
    "SDKROOT": "iphoneos",
    "SKIP_INSTALL": "YES",
    "SWIFT_ACTIVE_COMPILATION_CONDITIONS": "$(inherited) ",
    "SWIFT_VERSION": "5",
    "TARGETED_DEVICE_FAMILY": "1,2",
    "VERSIONING_SYSTEM": "apple-generic",
    "VERSION_INFO_PREFIX": ""
  },
  "source_hash": "d41d8cd98f00b204e9800998ecf8427e",
  "project_root": "/Users/zoop/Documents/gitlab.com/silenteer/core/hercules"
}