{
  "framework_name": "FBLazyVector.framework",
  "static_framework": true,
  "resources": [

  ],
  "resource_bundles": [

  ],
  "build_settings": {
    "ASSETCATALOG_COMPILER_APPICON_NAME": "AppIcon",
    "ASSETCATALOG_COMPILER_GLOBAL_ACCENT_COLOR_NAME": "AccentColor",
    "CLANG_ENABLE_OBJC_WEAK": "NO",
    "IPHONEOS_DEPLOYMENT_TARGET": "10.0",
    "LD_RUNPATH_SEARCH_PATHS": "$(inherited) @executable_path/Frameworks",
    "SDKROOT": "iphoneos",
    "TARGETED_DEVICE_FAMILY": "1,2"
  },
  "source_hash": "d41d8cd98f00b204e9800998ecf8427e",
  "project_root": "/Users/zoop/Documents/gitlab.com/silenteer/core/hercules"
}